"","V1","V2","V3","V4","V5","V6","V7","V8","V9","V10","V11","V12","V13","V14","V15","V16","V17","V18","V19","V20","V21","V22","V23","V24","V25","V26","V27","V28","V29","V30","V31"
"1",90.6431155756434,191.488622757185,201.468117595825,259.617683003846,254.173282551856,244.837754200245,219.810395284274,260.93505387317,215.099667525726,216.395507516034,229.139761318258,237.321749178739,208.264862963387,550.927614240989,506.042022951833,177.655073663505,147.342138356402,325.958725539056,343.261874387452,179.476343357887,114.903930926038,351.248616434168,470.53986226871,252.134378011966,92.8635946840253,822.464056392109,849.051206331971,349.303055000451,185.219873433705,544.234019664222,NA
"2",94.0709576631888,198.687369156407,209.162977916167,269.473286517855,263.778436620973,194.15094643274,259.623880834741,674.037350823697,865.37426202688,692.040082137767,449.567660827947,554.603115029056,1500.68684754167,1938.46157062331,963.721362588526,410.599520277933,1157.93503441773,1342.29753986168,960.131168383283,670.769313324922,795.018359739576,911.972887231363,845.680442894988,676.855082253154,500.925105397005,1045.8811596366,1072.7685798934,531.087648156338,330.487264015815,694.121262406803,NA
"3",96.8100592246764,204.437486785031,215.315924430722,277.350792754427,271.453351004699,170.281043591023,160.996754533377,228.315377882652,227.71762812323,183.457357049742,410.363013922713,618.328503950828,412.495494941296,176.785060582988,321.335429499638,386.086899291741,409.589317115468,294.39436683309,283.048873947558,382.318541355138,926.299004235863,719.874865149086,294.239186689365,393.515363232023,498.614029216787,349.096378042933,227.827688290611,381.486519082434,517.782298173251,554.257970015268,NA
"4",87.2187198189056,184.294030118965,193.786770615549,249.774942136412,244.577334829488,422.827299413363,399.881559192021,301.718151416032,239.952866444389,352.400507087232,470.976502466888,370.929604828041,309.220772859327,372.2535412216,439.600806221056,363.310799993373,597.294291857994,626.924065530058,384.812906250985,250.624727937244,307.479496900061,326.082471007954,268.115792334753,350.134326570312,446.251393205215,538.821739927262,429.4815107763,524.020641927092,573.794733705162,384.026730979277,NA
"5",91.824933128045,193.970884152462,204.12042053186,263.015265226084,257.48490340842,249.843496021942,215.476803367901,640.934519666195,615.999756965511,303.52705316772,254.965251928868,919.075054213751,968.642063307815,395.619928509356,225.052693796835,1860.78098872516,1887.88125459972,727.751406084433,425.010913566209,664.491189198057,843.485223195127,513.081406716193,270.481277173369,311.842287317167,534.396354789592,711.193292325279,536.407140358435,651.070754318207,1093.9295736256,955.302099433835,NA
"6",101.585820893076,214.458400002584,226.05282526941,291.090218846933,284.834280545716,292.40857256591,540.641849727661,491.92033005962,296.409278524363,286.613049171669,1271.9950570891,1056.51830686768,386.22021869173,390.68555573892,1363.66421213844,1136.31507189747,373.608649747037,358.987964733947,519.913275087384,438.854476220727,322.847674854723,377.951144139658,521.863078873056,414.924436740749,472.553931034149,649.023314567792,555.28463585215,481.540868696439,643.820089585903,604.445027671622,NA
"7",98.6476349014925,208.293953609716,219.445828646509,282.636634394231,276.602047946752,279.377365704685,353.671368892661,472.388246975036,336.334395628003,196.947362234705,454.383170784009,831.526524851535,637.91786373698,250.418087235118,353.171223054525,760.607910805064,595.433297720861,246.10336069647,1046.70916525432,1044.40094291831,619.372241119193,413.04352800489,659.969390673922,709.896263031533,435.794837970334,395.73427375218,1710.11074164084,1738.45798895477,955.838647729789,643.806969371893,NA
"8",100.491529171445,212.162791140791,223.591625470934,287.941523657121,281.768322684278,537.731660540998,633.602244131227,391.138054863374,257.637204255272,903.341171545764,1203.93694160227,591.854578095738,402.786550562103,1047.01527808952,1580.91717550651,883.872027287666,405.637077332776,818.794014298631,905.174838885073,482.211303119788,576.844371624726,1330.30186126876,1061.01980249907,555.993344859452,540.54318433384,1157.2553654936,1327.48028858784,1534.48636734309,1846.05134287492,2433.48592626067,NA
"9",103.252015756236,217.953146782426,229.80145892978,295.885093271994,289.502497186792,222.390290913228,574.120413452934,786.533261146795,511.755668126001,232.39984761859,322.713576423001,440.170284264183,630.718976613765,473.618187971625,626.0767283631,705.312632890777,641.807313528714,600.592221714487,661.450599302651,922.588890909525,835.834494928232,1247.54689158626,976.561131334453,1177.7653709158,2054.43128720519,2675.14073656591,1509.10568827954,1838.50910046256,1808.81114152759,1224.23573707128,NA
"10",103.634832642412,218.755980224273,230.662923624803,296.986842287212,290.575029760928,238.171962668657,284.774429671648,542.493371820391,422.749916715851,182.358569502307,271.67012299953,496.939082113859,668.530136086405,694.740675082784,918.579670947499,1200.06549149691,946.247021585913,687.586503616782,1372.37447202264,1339.98262157122,609.525772383202,1210.04839853368,2126.32475657601,1859.81837409269,906.824242431297,580.976885502779,990.551427279351,1435.29383283835,902.693742070269,454.818327297171,NA
"11",96.2568122406586,203.276229887558,214.072844954299,275.759530494558,269.903185449453,551.005048277966,568.020468366212,452.229781164669,497.547828276419,603.243561433481,575.236491898946,725.800445524351,835.525474812245,553.629854684149,392.703184218951,507.46855757045,629.641146139154,483.99424811582,432.983232542705,542.779029284338,607.647197176398,684.245624560026,577.768559096308,871.73988855378,743.714835312027,554.001628698177,577.934513048848,1846.15855902005,2012.73746870734,1109.06598871494,NA
"12",99.3829430247845,209.836875408469,221.098886015314,284.75201309959,278.662269999546,250.87875376032,245.857602813418,239.709331572272,234.519404993786,246.87977099675,221.330252135536,220.417557569523,189.596779162724,323.399252807586,625.990245865586,894.976078000352,521.875180939352,197.597610999323,492.904810672163,1014.17832637221,635.856084446452,418.186408502863,825.120220647364,1231.42013625627,720.086749272762,326.162796116128,677.753184379204,775.725239934099,386.668969214956,387.469868205462,NA
"13",96.2941968147925,203.354702062826,214.156838808829,275.867054440662,270.007935192341,239.121070308326,313.430834930112,352.807034997824,416.698227316058,773.546386912823,666.736920741063,759.663302639903,799.88864619446,1052.55028861621,870.201849327938,595.745471167412,638.216136296793,889.214296306178,782.10033237154,569.559731151524,582.833254945639,611.429913168376,717.944175266726,639.197246558537,1046.6456507882,1402.04242689365,971.229981196934,897.890241775313,1053.50670271684,864.044596679958,NA
"14",95.2246296909007,201.109479907008,211.754061075737,272.790951128914,267.011039816905,383.652606804405,338.693340217607,234.587212068434,256.605134293425,302.275886243128,239.96077191446,642.512931579865,589.593589346625,553.983373044476,527.574707008336,1371.45549834255,1101.2333692024,391.300286831303,391.235404691409,1260.30805189401,1028.10036076103,377.313303739572,373.89334207753,729.796858378479,617.00471928722,353.59466146512,325.523154309138,546.629240163521,717.963600244165,678.385307847783,NA
"15",95.9791389348141,202.6933676263,213.449003709786,274.960909332018,269.125156823841,320.2728555602,314.598012842972,302.704626306882,307.085020736731,358.63129163738,376.081828788302,529.361773978142,442.447503896725,940.255600700127,845.039162281647,649.467084996587,895.368341242727,882.625805868236,916.999538480969,858.364255857484,721.326295889121,574.780914600947,647.666068651461,740.999404634685,661.134940784782,610.226117079181,564.31298184079,501.423207941557,479.42374169603,686.135005857809,NA
"16",102.606453004028,216.243536938131,227.751887902784,293.228099111897,286.915787332901,611.336360188171,503.647302606341,252.054340754615,621.515788666213,1340.01655579021,1088.1864695811,475.458302441645,1090.50255188028,1285.87580115419,678.827817163711,451.341548191348,800.923059262537,1467.50753652677,1040.19279319201,970.130216120191,1543.34366410993,2783.79916132278,1938.20633303078,1080.02826382276,1314.52351922173,1655.27037844955,1567.34534727614,1758.29913743256,1272.04950347381,795.435520098217,NA
"17",103.404658901091,218.273270545274,230.144947706284,296.324396479448,289.930155935018,658.535804488864,573.881859815321,428.570014040062,499.0028752557,1639.42278912829,1366.72341619215,425.609019376883,382.347218132668,607.781345429069,771.583179143335,464.819161692247,406.573364949599,690.895491890238,776.361833959481,686.548909696153,825.668351293872,1824.83439520511,1548.25162075453,764.989172105105,1603.7770172787,1571.15487507442,1052.74027619781,1355.51679681108,1160.09344368822,832.036001534218,NA
"18",95.6864053396143,202.078870499144,212.791368357323,274.118994307349,268.304926777756,545.442935129626,636.101970363761,395.262564257008,290.163595966491,354.66762701989,1091.66267744021,1109.2921457284,456.849724615667,485.615898283994,714.549385325306,550.431652505117,324.634121815995,529.837627880914,773.928711262352,789.64481879962,439.76729122083,1205.39092816975,1240.02727671597,454.424721066831,240.862676589498,691.539591016049,877.532973686221,554.821716791985,268.866353514513,1071.08628789025,NA
"19",98.4872694822153,207.957434620137,219.085344516173,282.17530395512,276.152725648273,260.736646493394,276.154977542959,240.715668569296,212.89162086124,230.804738003564,252.127632652391,401.01481359396,528.362906521559,795.508908940005,617.189532903321,285.799262378645,368.465978270383,647.514805871915,493.333994393158,212.317209673853,301.550969020284,927.356483363141,853.507478180649,448.830254251475,551.245532357627,671.081617462409,566.771459361969,522.973448706418,534.88647142588,614.709986643485,NA
"20",101.034097040023,213.301031060034,224.811854016559,289.502659935745,283.288480629449,264.193576574312,378.404015565086,423.163128163207,344.577081728512,557.644220724792,508.18339933267,325.422685224281,315.747413914968,919.216505488426,835.299819134655,338.440401347328,263.145830050255,426.512254030188,951.355892838902,765.993596247316,647.31128753333,1060.21021878871,1521.73726395674,1079.26422541013,1135.88201996228,1154.78855085797,2227.00226540858,2530.57403966376,1512.95709845603,957.891799523932,NA
"21",99.2006117627114,209.454296797195,220.688959190158,284.227458575285,278.151407275853,223.255545032743,193.40801648945,445.936188829967,379.212570487981,356.13973504824,376.146734337855,874.93575245201,773.753335382448,447.58113768858,574.539623698719,577.638358826429,410.900649869962,504.104508113089,771.258566503523,720.895072179802,463.64547732266,786.669332474693,1114.53510618727,811.748744674728,437.046979128699,625.0038442231,884.517085828813,747.819523571699,827.215946738654,943.670053669513,NA
"22",101.64067936331,214.57347402824,226.176224645483,291.248075766858,284.98798040958,292.653555695632,421.854895447945,822.082768736002,962.908199693234,566.085969114019,431.320176096394,626.0860945166,970.619664203054,741.774260553973,813.911684350608,1073.24960597441,1049.32046449636,651.965650713814,541.450235422216,1600.66374290549,1429.21522871686,524.474115710894,1435.74022941277,1737.98218569832,1605.41138663713,1033.28159500762,885.633181544132,1650.21577398926,1184.6685008758,397.901804164659,NA
"23",94.1238700714502,198.798465317462,209.281801816614,269.625441618179,263.926698940668,237.073268783673,449.219955701402,426.987352170311,376.015340556894,323.289415024337,261.00802090349,443.996140764766,526.992766543094,527.187301416741,846.236812220385,669.177992319424,441.346704092722,591.79397497888,662.434491702125,483.361159257987,1097.05875599389,1398.33828356794,1037.16925575777,969.118387412372,913.855818645743,771.305461891844,753.374391917471,674.586458504148,669.694481200438,516.175913085759,NA
"24",98.08614952413,207.115674476079,218.183726311461,281.021412982601,275.028837376487,212.9575334527,230.780399560301,680.711337242668,634.665208544426,309.955270332163,313.092299474524,594.784234750288,512.510089373632,235.18995792826,216.471101324506,510.190878218259,633.752566232743,722.803613760431,511.007748842541,469.690687782254,485.069807280856,557.675927317482,545.903696907849,717.580482554106,763.529956982801,808.437684779992,617.840413438988,619.526725519329,582.42337591815,521.858438157343,NA
"25",100.675711189536,212.549190759649,224.005832089885,288.471464006136,282.284362123371,380.330743692825,682.812955262477,499.442199908957,228.154697310958,1019.11275229157,1048.45668214197,340.397482675977,403.963243202819,1183.68158341396,1025.27751882239,637.738288341581,653.433624150629,845.21206443715,766.574344533158,961.311491631387,1159.60421438971,781.04865477511,556.872371699414,1177.94797444926,1043.79691456164,728.274277145285,856.709068280653,1652.26747281394,1265.08995647874,563.789786702469,NA
"26",97.4125818408274,205.702081128815,216.669893397347,279.083871816162,273.141570939503,249.868177211518,204.696825251922,200.648598635072,278.220436120884,330.462200448966,256.108003044577,205.386908063163,258.746118021522,564.19711720311,437.576723477297,144.345422029963,196.012731790758,392.03110522209,300.447524514752,158.390472538735,361.273059219396,1123.09143289457,796.317328347881,145.47119191127,283.490373671865,1186.19137284425,910.080010564684,185.107097106364,726.363080676932,2400.87878198951,NA
"27",98.1927400256121,207.339361393655,218.423307509602,281.328034976607,275.327491299494,231.79469762455,267.023055582196,327.718633086694,310.29312057201,281.567664295437,308.062503952491,594.830004121446,546.887896589315,437.791891736802,359.558051277523,1334.26024856314,1175.02553242503,424.548348522547,377.442337560314,1142.47002028132,1066.97717393454,643.288148527979,554.295934177972,809.747056332585,761.42123076595,1509.74863509656,1209.45433822704,595.301320061807,618.532019056397,586.677568989829,NA
"28",102.321610605086,216.001765758739,227.708045951126,293.207541044759,286.895772118158,354.823290363079,427.113702668667,571.567130523809,610.359549410242,404.739129584483,303.961094446691,362.651526760664,1195.9815810788,982.04940779406,343.636512476427,479.913426523833,990.682329967972,761.799215632332,802.010536747064,1531.74694224869,1360.43361026668,571.252118881765,847.765869836554,2308.85545064889,1764.00107632033,569.682906325118,576.348551696774,1715.24746533151,1596.16511521495,924.856631536813,NA
"29",95.6349474217604,201.970849337481,212.675770899288,273.971001273101,268.160743026442,242.926043318179,218.970457354433,428.434661182136,424.862328840808,268.529303626558,211.80334542155,463.777706475138,488.283751421472,470.959304895572,377.454762627434,300.943710613294,399.845327796316,444.696103577298,363.670304344033,371.057649204655,439.030034592869,1023.69554300214,944.713620043252,737.36779409317,590.664955733844,1840.86920877097,1660.70608423271,1633.73660743767,1444.44388996069,836.808435961689,NA
"30",103.474409280617,218.41954926617,230.301909008996,296.525138368371,290.125574581804,622.938480445137,598.621259551188,326.11960435728,337.573982527404,482.407766486594,686.481711981667,473.379594326915,336.977199527805,1307.47697716505,1322.45970381641,651.396807045522,416.185052262597,1138.28356178047,1242.73286648644,734.621175811638,449.947110678875,428.628039713305,1485.38066388911,1667.15982999332,709.55243725094,405.032434606374,1025.79537130613,1119.70520527126,540.743019127524,310.166112870134,NA
"31",91.0152270715089,192.270236458141,202.303157382883,260.687420473817,255.215997658306,196.48558884729,204.865254370346,658.368590680905,606.275375998789,339.173899325346,258.475986605996,511.742287274229,599.343679552201,643.069058846027,677.587008649198,526.689198920124,873.428010045184,1082.14742821628,797.239059548407,461.680787708889,388.582627684077,707.457184127596,755.110972795704,571.111536190458,438.261231536815,582.277692428799,1305.43433079446,954.723293076653,323.40761759309,507.15548731306,NA
"32",93.0266165589512,196.494495078498,206.818014054181,266.470321092956,260.852136534613,226.874676231027,172.751078089554,407.530161724853,549.211048900822,363.996848905095,199.667835415459,413.571624169861,595.985771335318,384.072579992758,354.89872908224,588.99372912644,1128.67092824823,812.690787749913,488.342759995724,531.4447721432,1849.52457797983,1691.34976632488,476.88941765672,308.339014127043,890.356618721525,820.2851475228,366.014311994433,269.797235877131,843.997479403851,760.434504509776,NA
"33",103.541616623454,218.5604935903,230.453149953243,296.718562583647,290.313868271033,274.248603460707,432.088415748955,422.575781038619,291.804714419209,440.005375802021,633.970025609784,481.5330482735,253.525473734302,418.025800523551,490.523347164017,437.465060757133,293.794443684943,272.437291185067,437.679743747298,559.628636012642,391.729485744892,278.828789966345,348.18315607585,531.389096841479,411.07601195892,561.949333948789,525.856392037421,1245.52410350604,1228.17577552056,1569.42683565439,NA
"34",98.874861922839,208.770766855182,219.956632381343,283.290319935558,277.238705808005,248.932990533298,329.52841992617,370.214241228946,308.074407157505,256.4086355439,340.43016318381,388.093978900331,341.524055868973,280.635726837952,239.854359359465,339.410171130843,400.509144650444,718.164006587569,873.697943999815,1049.87576366452,822.482421598492,506.426772824809,629.347124805031,1421.25179039728,1441.48524339207,1097.45382247969,910.469773806229,731.293967433934,999.063230130953,831.684776975528,NA
"35",95.7068350900849,202.121756716728,212.837263062556,274.177750481767,268.362170381103,167.596545971904,209.091267878464,325.616380066115,237.267365800185,169.406527568147,294.011859439325,347.028150442962,216.367396263382,136.483763972406,198.624689709396,255.850178966155,172.069405498683,109.555267741438,135.14979193292,197.044011461443,172.85731724729,141.503507990835,379.693926845807,417.258956399708,220.921880974162,198.842693883354,755.29567352207,724.131401290539,212.839151678482,122.830245155416,NA
"36",103.832359974688,219.170214311782,231.107454280959,297.555341898289,291.128437162851,302.489614056847,240.194434168479,464.684144036501,666.764536283957,469.615474492051,263.586984548255,468.865957746623,564.4009909979,373.405659098081,219.994212587988,454.272645310178,604.205952070421,552.088732405835,349.693984873846,301.594928788717,424.286501431387,818.302626551524,590.617489450031,467.844860585487,489.221221905002,433.30037024472,406.927178147564,591.077765497029,665.488345236578,729.70143301524,NA
"37",94.8387432697362,200.299358172749,210.887308256582,271.681203152939,265.929786922319,233.641191948251,241.817719074867,708.66897375731,652.75737770706,324.152939494334,234.925238702459,341.469496829452,320.197259315792,327.528863174873,495.772977967268,381.135662042927,175.687037137556,904.654754797621,996.651606922821,413.458025507505,211.560644840595,556.558584743067,632.389803370419,340.317624437738,213.527932995877,852.844625124669,1007.19366944349,679.822875842955,509.029618808895,797.064807914983,NA
"38",96.0605409925766,202.864240261601,213.631883585613,275.195029207423,269.353242178664,181.143709296352,415.251472000884,658.702070398306,400.634589077597,376.404091165773,724.585099609327,729.524701880321,450.535205630512,743.472645690616,1366.38643038957,1102.45568176571,736.35962796252,793.720231036608,1042.54155374883,1266.01263699333,890.72565887189,942.322080587098,1156.18724133456,2068.43499126635,1606.65598379291,1207.87520249474,1769.86592786529,1242.58467642312,655.714016265986,947.835209430222,NA
"39",96.3758880274416,203.526174912137,214.340381093241,276.102012526706,270.236829780324,213.900120257664,443.92859846384,521.542156306907,307.649682427608,302.902618004289,512.786759526395,484.273111130655,313.61804039758,256.44920065488,617.597415840016,644.564857303469,436.197243416324,298.5591014569,496.813221843317,701.311918418776,601.919766334001,366.679615864238,384.273493266283,835.3285375155,789.368322104016,705.692360804968,801.274078501052,1229.31813518884,1156.81009439307,831.69316894548,NA
"40",98.843540525217,208.705042830011,219.886220709624,283.20021390941,277.150947811676,234.102470842157,221.164903483548,305.032855078518,429.590116744949,342.489086095117,399.047887753967,420.267898126825,1040.44865393262,1056.24677946604,1249.27575527438,1199.61995315486,675.99346907992,1364.72018930402,2752.31805822082,2275.10412242946,873.616967309171,1947.34878625828,2757.9441702454,1647.53351177864,778.825980579655,813.457776886371,1057.13336449129,985.442462136904,900.005444282932,1646.36061835333,NA
"41",93.7710431629802,198.057647588143,208.489494580828,268.610864800084,262.938064256885,175.048118434096,462.874912386674,659.75465468272,677.693902047167,548.634624951182,544.59557334593,676.044957316081,862.343382041275,1088.73868685205,865.801794438015,888.216609173954,927.132092805379,842.50702807741,566.135293764515,1007.96060594472,937.775906731003,577.73311959645,463.30376080637,979.495506336394,932.490884344904,807.489503207396,813.226467021219,799.119964354592,607.271628045315,813.251319250201,NA
"42",96.8436652949786,204.508022821803,215.391438131421,277.44745386139,271.547512870095,588.945773530344,530.13417612042,238.85471274929,247.496022611004,903.260536128048,947.556313207751,401.818509068462,318.600623828195,598.927145675136,671.347488709724,848.156276596014,696.436853118912,558.161971774605,589.466749672692,684.861575662909,530.260753141619,386.888142125832,547.458505270808,600.064908982306,412.675962578839,316.818242564382,495.523718692782,652.195910939898,609.651344082301,423.446635884343,NA
"43",101.59290233423,214.473254452018,226.068754273083,291.110595865878,284.854120998389,255.878269471581,266.431288538272,309.406636334998,251.878256324933,279.297469020723,298.675332537968,597.103438199046,522.280372317014,443.589055966054,441.836093483561,760.228440528585,650.470815293574,342.454693419482,346.075107421928,1491.07395549921,1411.84316380275,499.633293603931,355.068540562586,2424.51799290147,2069.01051924759,321.621823938712,414.997136011514,1030.39055950939,834.339475855922,338.980107632922,NA
"44",100.200097801974,211.551372521892,222.936260611146,287.103016462197,280.951790466339,219.737849296831,182.18354260223,279.536434120855,325.479024981758,226.365807935363,147.550080279817,308.951135404883,319.115437257755,447.427430932755,336.119769820408,590.187597092002,588.65018019932,456.189307211601,334.836634989192,496.330361549275,567.288458217214,410.097349685406,246.128528705383,366.794492394687,488.600368906194,374.614428128367,287.460145080194,430.697165586778,413.440246923711,341.452729453716,NA
"45",88.6238196963526,187.246492270532,196.937888361614,253.813265242354,248.514804048814,161.57367404247,189.319397223286,409.796115789522,354.19038044321,172.26624760369,184.256350584631,371.767877972509,313.222391901383,187.635874196393,217.561673684391,359.941622083783,384.082490021678,273.933275567202,361.395154008894,709.710524925744,749.643170750494,351.3395736558,351.798636714762,817.540653416047,1478.54406919603,891.317317091486,257.11421163033,925.173889928445,1045.66520391688,472.281342577516,NA
"46",98.4249185028682,207.826592318682,218.945189713522,281.995937862114,275.978026346406,187.500997759894,338.523584766519,519.863182921756,396.068269039419,507.427959279132,644.919695113985,810.778720187217,622.298475871207,364.894574755864,395.416066607833,1075.91734736447,892.427126086531,325.96799102615,334.313658344048,833.678322396857,660.191980514809,419.084618601138,476.253652390295,655.987753244588,491.239143820243,585.894829675569,534.23732743976,529.916077051568,470.898814337668,609.312758332777,NA
"47",91.0390953616862,192.32037014295,202.35672153871,260.756037669609,255.282880190928,219.527198892944,349.146898555659,463.454386183573,449.397962065945,417.387860241682,473.954170264554,391.866936154211,319.481550001978,394.688926976975,360.965464884227,604.895487443461,581.765026911799,358.104347597852,372.84164903947,433.61655126709,350.987069805589,474.100423967716,407.490905425253,795.355968790587,732.676810046239,347.953382204976,255.315133649916,1583.17304838594,1374.45504664985,375.700506790268,NA
"48",103.92296563124,219.360219796327,231.311366755819,297.81611569059,291.382284296427,275.787129776236,230.890381100184,830.409331471411,760.447086918834,542.867003148707,469.929850733037,633.307599568218,565.622712517571,347.905390499715,438.417730904981,1065.35454558669,1063.6458946584,570.579809169272,508.967683036367,835.34804632321,1211.99643503302,879.198815101911,422.470251349217,551.270924068559,605.781011851693,414.982754383636,491.888825142675,558.78241647552,476.472184590536,943.381302813849,NA
"49",94.9152100412575,200.459893989709,211.059057049458,271.901106415095,266.14404709279,263.089682093575,260.772101669699,288.113521810474,388.657155734232,362.17481211406,225.28786111059,292.747403763363,400.786875398435,515.132791900297,375.903905185649,265.26664374122,558.389344930618,1214.30671654688,844.313251156968,224.2279324241,475.924239678043,1301.46838796983,956.811099448731,590.667955035448,667.476251708538,1154.56445836667,918.770570768765,403.406519149529,655.86378366447,2265.06453433078,NA
"50",105.711938081674,223.111362056698,235.338382465354,302.965428216896,296.394333375648,238.052557200528,289.635964764692,287.659245873628,283.46398501644,272.457869839302,289.11872343809,324.983095892723,592.413900322591,694.541553497241,870.213370547864,650.588031748149,971.533296503628,893.426948092188,1042.57114501093,1263.87493894349,1054.10970827643,1020.83317272922,1019.47436833359,947.891386400617,1321.14523257145,1580.1028283481,1022.54974247765,717.776246231875,795.840457795872,881.714915247881,NA
"51",97.4320585207062,205.74295783816,216.713663763058,279.632871387988,273.598739747124,171.800224130679,168.463436164468,448.043966182254,380.034798578236,149.811961707704,181.2569831115,300.974273561931,355.354211929588,434.189483736138,314.570874953105,313.812981333061,621.347597750809,687.291893441139,389.91893267269,491.001025476885,882.916103082881,652.941892444446,232.326228881041,705.099888745168,1225.3822776573,1013.48833311364,542.13900455206,546.627631080774,933.560155272539,783.321703317096,NA
"52",95.693891498388,202.094585487648,212.808185721764,274.140524565335,268.325902792187,199.061011275302,234.758977371202,778.835304980427,698.229040110947,285.182498112058,264.184044476103,441.241099711775,455.890777953522,507.577993860987,481.054615922888,483.389914269256,513.716870390158,500.18704226779,416.060123676524,452.631979850436,652.408250522749,845.871163964891,633.495183550566,442.961453923997,998.492119238155,1056.50451885784,578.064909809021,415.938677621817,1833.17657742007,1709.60969890238,NA
"53",89.465018418544,189.01381020786,198.824848665339,256.231146455603,250.872033381184,152.639580042276,390.282914545305,456.505617186196,403.807178235768,272.13429141335,325.323232849784,631.301617724963,483.066793767505,212.121245493227,331.889075836056,495.97289168274,398.782818370666,237.555285161366,381.878398372441,383.193045332608,295.352498182897,237.363345802525,998.253619506575,1081.49766869056,413.385392447861,220.988742234681,1067.93303658402,983.987689703121,303.807592242196,216.493591277311,NA
"54",96.6347141162415,204.069448796067,214.9219285858,276.846452475675,270.962045552278,208.338263007915,278.516275728162,585.444623952464,650.1280826171,671.819962449712,555.650209924909,448.261555970111,522.215597106596,535.044885315419,587.621155566538,515.76884884402,493.754260764095,489.706683327348,539.056725925303,748.238700346282,742.496071478466,501.972464595801,1184.50484355877,1245.25649588791,1464.32097015329,1621.294535311,941.130770039501,959.752170512457,1737.57647987413,1767.45958284503,NA
"55",101.632919362617,214.557196288653,226.158769104725,291.225746081077,284.96623881386,386.200271973634,349.068593705209,415.540770251446,587.575064671093,512.696237063468,320.399734399278,449.206448740438,528.860858364007,418.609459822727,302.919364069948,333.525391201709,579.408571834212,521.158051082113,285.332311275363,655.968781365987,680.41706499755,625.833011228065,509.573829115927,674.036904369158,602.864369451735,419.416532556867,350.023536356708,1017.06354348818,1153.4203656941,1172.72402695939,NA
"56",95.6388644135186,201.979071964338,212.684570165408,273.982266522414,268.17171833927,305.866051685413,302.223575927916,762.108121035946,953.566324392935,567.836599625481,295.620885073613,593.763889082285,603.414168362843,416.026633971966,307.855812108771,453.596138948925,523.550336791442,395.323281019901,317.372148639567,450.174641274979,514.649088628612,696.880816284057,565.731703934732,344.163124980265,565.29667609843,766.480465216329,858.531743526494,557.222411186928,677.162792394483,913.583476079013,NA
"57",98.827766168928,208.671942224072,219.850759552708,283.154834019699,277.106750347999,322.284893457308,434.517527099539,366.207961571778,237.726622608102,906.874576773142,1242.12579537225,671.847578596632,571.499423674293,905.540429309626,748.027827533563,364.904356425818,497.975961188176,1246.88208718209,1341.53071651606,559.885010410912,798.841017720774,1179.7468685005,758.233295200665,294.86518428031,1048.41404515022,1817.0040755405,996.078924977366,206.268425148684,775.800375945054,1090.7423210741,NA
"58",92.2383026474074,194.839028994163,205.048290758469,264.203735696523,258.64321097287,221.009411532774,211.138178778718,180.393676575129,181.220096424324,315.242637406132,519.22626358811,643.875934745562,532.022456335887,419.053655816025,509.417135441086,534.860488933419,634.449287131513,581.0254890575,511.287625872936,670.741269700059,767.264453157091,732.397549706995,529.398396474787,862.852308321984,923.948393593554,1357.4250869425,1087.34714332719,763.7072819705,645.623926695722,632.983636497809,NA
"59",105.54909474394,222.769944534062,234.97175194874,302.496671375022,295.938110463477,282.374421194361,378.657713003327,441.694242669654,351.413439116271,331.517186248261,709.676944765769,776.695554248915,601.518368972439,534.203809183693,773.354932774318,798.136401929353,531.263361971942,638.597789283837,779.041485125154,696.753053613856,621.276216229312,998.317609461664,1026.39985906329,986.361764923876,694.745592746307,1177.47424846496,1159.50776762802,566.078483715138,569.309023281769,2371.39547720957,NA
"60",96.9093456478489,204.645878959012,215.539025187293,277.63637102968,271.73154451631,170.523215868856,128.640478449312,612.952910164607,569.597065741693,193.345733677726,230.032469227037,422.393573535052,346.378526725935,156.375173457374,227.483230892644,433.837008947078,338.387666687501,175.414724034099,249.832260052101,780.291232084569,776.571738698151,393.20954290473,352.075765322971,915.176128856711,1023.30764054715,908.139117456495,695.99467268237,540.45989062453,1438.02070879827,1389.53237866802,NA
"61",92.3558024150869,195.085789883095,205.312052099297,264.541564820109,258.972457255177,200.797108156894,185.864700530189,262.37606341842,275.855408505008,207.592549647847,258.42262170799,336.696254371364,410.555630905841,585.52192987154,511.974474922635,530.481610681906,775.123973901498,667.484320495198,809.96556581658,698.209459185642,976.131603533883,1197.27207273591,908.96947843154,1008.47870942814,988.780065632271,645.245616359391,527.553284691981,1262.6481590644,1664.60130554587,845.54246377446,NA
"62",99.6938239159866,210.489164620889,221.797863199922,285.646415817024,279.533305162227,374.338631779783,308.05399970164,277.199674367063,428.784899163291,422.175691268146,236.770493636918,285.120132423293,944.029915692866,860.46841306803,347.611367541437,306.64710162004,429.769519046461,541.943153404854,611.90579596068,952.83490961168,887.509888314076,474.197424512115,497.356310536655,581.438923802458,451.719101706465,313.497109228367,345.048149213507,552.216361576901,468.979728285368,228.362474260589,NA
"63",98.1312947249975,207.210414902802,218.28519752638,281.151278902962,275.155328918107,246.093604347029,324.859415837883,289.227144334357,205.497111607855,214.687432699822,433.758325875498,345.47943409514,157.709239161146,170.904409751676,769.866604591667,655.107969859273,144.352663006757,424.322143789375,641.486277065828,371.825534964474,259.081564850173,359.6250199001,414.275847329111,581.857167845467,561.417803936107,478.807837097497,476.354215552013,421.184608500034,561.984762537001,1099.3456100833,NA
"64",102.41829777957,216.204562720578,227.925572026013,293.485780290785,287.166662980318,219.781469478915,238.438351312015,729.284387882514,660.485995309576,281.623844653904,472.514456454704,1003.43975200318,716.212737494394,217.894346409725,505.936571197498,659.422213977951,499.110515237447,364.766981879648,525.58423368188,555.54159559705,481.230446593083,435.318158903992,533.968700002495,539.822182279297,442.473477577824,645.662786588357,750.75793821512,592.549300645748,488.766485980132,1475.55739822281,NA
"65",92.5595035352722,195.513573364371,205.769332819189,265.127243790737,259.543247233918,231.062297052955,230.752436274207,609.975139965176,606.449451115201,281.591706926439,203.267825117256,574.125458067607,1060.88986903201,712.83039745613,280.214071662249,593.338454819008,887.267923101592,600.119525001327,319.373134708337,420.614593731632,672.394942508991,480.686791764647,271.804545062728,429.371173581481,526.627966259562,488.710816146817,341.357786281503,316.674540294498,1036.85039149854,936.311878090372,NA
"66",97.6717797050483,206.246064862839,217.252409845319,279.829449837731,273.867818341728,400.03433933775,382.800756335347,523.402534623973,771.857437894981,893.899949262128,720.693013255544,503.928048147436,607.874573911986,674.799325264212,591.726999216561,388.226507008264,545.268846388379,680.456300931583,628.08812487087,424.171620390545,701.685405692614,651.620801329938,400.684523141791,357.375210685606,498.155502395498,610.105122323838,527.028734121454,397.746474053596,560.746650339571,657.135412987694,NA
"67",91.1484259324556,192.550009495379,202.602079933306,261.070345939202,255.589240585738,246.973912989296,197.969471216984,377.304391795374,384.285464504778,305.498042849091,252.032594915303,425.595940360342,533.29352038498,404.23287834719,245.072914264834,298.262955243235,380.015487546557,613.199733918905,422.437336114513,283.650686897802,344.75883595421,940.352315709993,705.90287553496,207.800625446107,639.196751629324,952.905450389844,475.447057896062,191.863963546902,379.634565939864,508.928028713926,NA
"68",93.9765155608788,198.48907442695,208.950895399072,269.201710255834,263.513806459988,175.592680078565,211.878077102464,480.702805227719,543.899928814073,352.375731577852,207.102516734055,293.299273694565,574.092377331831,421.77088389196,152.351317223489,177.040772838227,446.618270381254,409.898031225772,334.58594964918,340.928704753211,821.764298804654,743.650522760593,339.123859101307,293.036365016483,1180.28196423304,1081.34337829074,296.374915131692,195.81726760363,485.937130863551,675.260555155745,NA
"69",106.29186274168,224.327176395656,236.644151272576,304.634841471102,298.019046149977,313.636854746056,352.763995677247,567.062869840717,427.55633931894,367.760134033954,376.744349785516,438.952838882442,504.139480633787,1259.14471917194,1176.20128149349,583.870048533874,552.835658331405,663.551103833518,622.495238848255,967.782170369329,1231.79625794356,844.057148824767,455.444781364103,1198.40315151268,1749.55472635741,1014.80848135,452.7534570556,566.305076756612,912.852969412892,767.098679789571,NA
"70",95.7635809669065,202.240877323893,212.964741735964,274.340952770972,268.521170697097,306.503020414995,249.753438096467,298.251801305068,483.516612093825,375.628709588672,290.005490371505,272.801331531602,403.96724545236,417.710405641081,286.195283588598,208.982571323599,252.742770905645,537.266897967547,499.267953415092,262.181089973321,286.77754033584,341.53050232026,388.662462099272,277.456156443561,395.344088680912,469.521015706507,852.968163907803,663.400471496688,1129.82565359283,1090.90797613711,NA
"71",95.5768140506886,201.848814137546,212.545178973382,273.80381043949,267.99785470839,222.588286174239,228.801341624107,406.92814380207,331.845774119814,217.799946658469,295.618385486155,970.289230603021,1009.59275845164,846.332784137137,610.389325831577,706.873073790856,1123.81441943211,1925.23961568607,1495.9160507632,742.978367910753,661.700093497789,944.505563498749,820.045097835628,587.186729818882,899.389038945089,780.878887120996,494.559458482964,581.568459802601,719.55790353199,798.222142969192,NA
"72",92.967076277253,196.369465666997,206.684338534277,266.299123477303,260.68530020608,202.772874409208,208.30982634513,208.300329845808,224.545816718138,203.805756364144,188.19784338558,220.133206571413,370.89627332844,431.454437893429,290.559974534101,183.142615700409,945.835972856249,887.084085422861,348.46360183227,278.043969995964,1927.64370466586,2129.76587104573,683.330124860064,290.753060443482,571.908805579681,783.519509953439,492.555540693984,466.351238736742,1000.73316408613,949.533818322179,NA
"73",100.512769880323,212.207352957525,223.63939279901,288.002638344177,281.827834765705,179.374977607758,229.47948486952,597.809386229251,512.399594505662,191.752180659244,597.640928469034,770.23450078127,723.14056512256,494.654037586754,638.008348428225,759.306092971851,1375.17014140622,1139.78332373768,1577.80098243846,1455.3764337799,2030.90762045095,1707.47648507281,1049.5657340639,945.135495659346,1115.25896419205,1146.34357869446,679.267596467292,778.34100926472,801.652208050446,1094.18202010982,NA
"74",98.4577566974286,207.895502749912,219.019004362005,282.090403914817,276.070034697342,405.342727823773,360.510278990014,258.152321281763,408.173132511908,380.282550244514,381.831441103018,601.201304503082,1095.82915808721,961.277165310902,508.775452401273,632.903043837038,840.973539818553,744.578171008524,457.93854783117,608.889132748058,878.895966476387,754.896976215213,521.509251604439,1318.37225534207,1174.34777640126,412.786114910619,417.922738083218,590.393261222155,476.876105665416,464.547549687542,NA
"75",99.9451641196832,211.016507248555,222.363005793255,286.36953848307,280.237514870194,202.539258243438,196.831339822905,264.969653541201,262.505945219357,541.610513615105,575.947346711442,806.602193907456,615.672626491005,439.432572565734,805.065824647605,748.753528151683,419.932203723553,377.082631041922,1146.24683586131,1784.17083096765,1427.7007600265,768.924154950548,1871.68039872033,2583.45016576569,1335.6406900232,458.871289441838,888.401668018459,2434.03480538709,2000.78593589302,1102.17194913171,NA
"76",97.5494602844973,205.98935284786,216.977507294326,279.477598066997,273.525091442301,243.878687139064,246.778616989483,285.411582245085,264.648177565036,199.281663727477,208.576853315276,670.966581500534,746.740258453113,632.075158419656,449.575705326554,550.95315355402,946.843976282235,773.49573643239,647.666065614105,1079.71047787793,1326.7688956824,875.119221679697,678.000816532005,905.238886484543,1484.78174045331,1153.59450892532,512.605305709141,1111.74808243194,1183.04414947932,591.600849182374,NA
"77",97.7608805372667,206.433058489003,217.452661116504,280.085750764498,274.117469695521,230.267067825061,226.600541235832,245.095618278584,557.099731908592,605.600326399285,344.502485863906,303.744194912914,1439.22981767563,1185.82409234576,659.311236093088,675.571812336776,879.748884867784,1014.11529516522,635.914191489145,602.966714618155,728.636653500392,731.600561022831,596.10505373588,945.307085170799,993.612319587926,971.998137416599,755.231346784108,1618.69413029822,1415.93775126845,1715.3747643887,NA
"78",99.2147174422202,209.483894508127,220.720671735914,284.268039341612,278.190929153769,410.476161877426,388.475165087263,533.476580764425,422.480758457937,367.412272827269,357.032111096164,549.243755272021,518.339163333032,702.848849754622,638.617718940173,375.828023788213,352.256509619544,1012.60522990946,999.548429169671,440.068719758882,672.037051017869,2199.77849735651,1970.80813196972,609.137883007396,965.298400871255,1273.47745269942,818.020384079904,476.130667308751,774.018925329707,734.983841657421,NA
"79",103.32750487863,218.111463609062,229.971328616194,296.102348348063,289.713994400357,200.873092134189,187.703381721575,310.115942938152,310.414718001209,212.62400372422,224.110782440206,484.346039138574,631.055411486794,550.618643989779,346.678547753194,421.952171179739,667.018243436331,688.449348130294,575.283478000845,503.14229712935,537.728780216885,812.793543717726,764.986785274522,573.034000933471,479.637808270887,736.369702632704,1456.72132290736,1159.03559486869,783.237830901009,1419.10479889703,NA
"80",102.869749539783,217.151429902279,228.941306821739,294.784967091874,288.431502078961,260.754456907194,242.190254005084,206.17570004092,605.290401327782,619.790958765734,335.370573455071,228.012361004322,602.221278520463,938.57911328508,657.059843550357,566.560760035046,748.851515268111,727.64336393865,476.648546617965,506.430966977656,610.550434520274,629.208833652686,765.113085395015,745.783416391276,568.270629282146,593.854495428433,756.759117515138,648.213841093371,441.441738684905,741.040081413766,NA
"81",94.0410449446235,198.624563370036,209.095804382284,269.387269717695,263.694620146311,529.505652007294,615.615972120431,440.003752861327,266.295436824287,431.684695699035,860.595925063817,633.013718041517,440.052169516876,503.546037870822,479.224330989773,498.704850890693,489.544336984538,1085.95664889806,1541.605220159,1204.90224883645,646.616885566168,728.429765464538,989.989521020458,861.555768293707,832.303629023576,850.426999223876,628.830348009932,752.840489810388,834.302849974607,1099.42552164786,NA
"82",102.605503416017,216.597211090221,228.346759174434,294.024513807544,287.691160696199,263.322866320501,353.318686467891,410.296853234376,281.611309801136,383.675308375823,444.443522442222,467.533681222409,352.476991695447,367.837943944205,418.491153554085,1035.77640773108,828.67830554275,532.089824086747,832.086233471688,1649.52190772279,1146.55699960139,457.665830522253,1041.03752657186,1265.76438482202,667.409733434603,476.773641297178,746.33238836161,911.058222738386,546.183468147411,470.943715449471,NA
"83",100.362755942166,211.892629592027,223.30203765226,287.571014240236,281.407526322636,344.036044500027,283.818645897974,735.579185648626,1001.86875248564,765.003825848913,425.889554765489,348.161988913536,652.234218659842,645.001551558452,363.563216172347,538.615561719333,1209.25277178928,1624.57459335954,988.867088982022,1277.3945053692,2785.68849466422,2419.44050978672,864.997296109191,782.734109069491,1362.27817529956,1362.90171751507,910.958139626544,674.428911196873,1191.04095500734,1089.7967815402,NA
"84",95.4194965112853,201.51856430711,212.19178622607,273.351371523073,267.557054079935,198.228261447609,182.221517280433,313.498045072483,480.360671911102,387.707135866273,228.358462516443,339.911818783496,430.785124552652,436.458262622035,272.634846637877,323.948233547279,414.50383867968,470.332202636368,328.008895400105,305.473738544998,452.596519526713,861.072612996678,601.713885325262,307.378216047233,729.567146728476,862.851164584742,438.605717685929,527.338810250294,1037.75812466005,1099.55303900795,NA
"85",95.5929217315675,201.882627920994,212.58136341043,273.850135837924,268.042988058456,368.500370740719,345.338391778245,289.788747271955,364.881431575978,732.248996641979,586.040747010384,330.682202756874,668.156001650355,855.941547503495,486.230558777113,440.821251212831,1164.40729334682,955.627740819961,325.269038010724,376.701841005245,682.821761621625,581.559370220983,284.892776172784,238.109403265736,1344.31667024519,1222.38526648996,564.820417893786,461.281421431214,822.021199924362,782.502023713092,NA
"86",95.7599911541013,202.23334163524,212.956677233545,274.33062837242,268.511112148378,243.412380145502,198.226848919551,257.92511824344,242.02606696974,200.927280563852,366.436251103614,320.824141860584,143.03645823947,137.203088388393,464.088838479971,584.381844355225,426.428170359567,288.564432079487,722.225929455625,693.711562477503,381.737250849389,274.436037467604,805.395054035759,1038.5221291011,621.046340849254,323.930389357706,624.240238729177,998.734922086508,1293.01448601788,811.048481636081,NA
"87",98.2558474297783,207.47179487361,218.565155343756,281.509573334089,275.504310549731,220.113346048312,257.624882411498,278.838509386824,209.614754844179,226.741146496476,729.473579993592,598.809410429187,195.47706674819,434.890010410494,772.71857889167,634.357766442541,458.430451712873,940.426714029262,1329.63098876889,876.290827311814,629.343828901114,736.06858448786,852.093480607791,839.602812453925,995.922165511094,922.282720866324,670.780013131253,875.126592351242,1068.908720413,669.525894152799,NA
"88",100.355953153515,211.878357468153,223.286739635274,287.551441212934,281.388466277306,220.240151300281,211.830030806577,248.361263943257,584.633969024659,523.935086979056,208.191245664965,250.735011323435,446.766064069167,460.454428871234,289.926551313297,746.568647079003,983.705102385125,544.76765120089,291.068933603097,421.34360328779,637.726382964089,533.081300429672,280.879027957786,1047.24755930503,1166.02736863226,828.0007826664,836.860008910276,1058.96957823853,1320.12194407352,1052.03750065048,NA
"89",100.06960782065,211.277599294241,222.642831183797,286.727577404387,280.586182705853,178.279925414804,211.932769705545,275.430543919836,386.49693866234,265.898176235162,187.905592204883,446.229549823938,471.090868771321,323.911241160267,335.502866274055,388.739001632321,406.616018291318,367.446846003865,373.84522307257,331.210268820788,378.704787819,462.340757669098,975.217085441014,804.292513335948,472.813333227836,431.605873864435,554.628772470412,731.479566433418,641.456045911933,495.121409286641,NA
"90",91.1900967870983,192.637534673463,202.695598730654,261.190143913654,255.706008349817,323.746186288955,275.213004793733,263.841297242436,287.239592956876,338.922184022598,288.097319718358,184.595040986706,224.447885464611,342.002509054233,426.801820215901,440.728643225726,423.965190249282,682.81182164474,604.8693249562,379.763209388407,331.859254497488,454.460109400315,513.897242173905,431.516062940597,289.754452427711,659.311801362584,671.027686954885,606.545453127884,439.779695066946,1009.36181376456,NA
"91",96.6945343331389,204.195008450852,215.056341321967,277.01851082524,271.129657992131,375.48561112262,328.446522801561,515.416756799509,491.433861385651,1060.07100060241,1105.45823593943,569.280421551831,402.282174680368,1396.24270112629,1530.8918698343,606.540708130417,445.535440065073,772.566660487988,1594.39692765239,1073.22146905491,342.969206114807,646.131637577895,2352.02011710729,1804.17513362801,400.193360271711,1053.56642805602,1611.85755286519,873.721540972234,358.764477922121,618.718600561506,NA
"92",100.415906555301,212.004138170806,223.421562811845,287.723939937645,281.556443589852,227.316457289152,305.138312858484,320.051250917646,304.735733275536,489.360196639699,448.057711524371,540.695116580896,1010.85508428544,804.751995409514,406.155731866859,1419.11042361679,1552.75572978494,754.18675117991,499.879690699147,887.521949433212,835.117183050714,1223.28709234048,1378.08359314061,1258.11778867275,948.877367180718,2278.37284387471,2590.07088531999,1876.90733508284,1569.116483442,1142.26665538294,NA
"93",94.1452664492306,198.843389456534,209.329851451256,269.686969316478,264.292392426138,376.748934092856,460.238318139598,372.301387455049,220.441058541508,991.248482127847,1416.50100111821,734.706359390509,229.727665196569,1294.51646421049,1510.59998831076,1121.49404761164,642.932856144669,748.493069322813,1295.64281626753,931.206939130762,348.919294327454,359.498417452142,852.250416771555,811.448855410029,424.901180009689,419.971993042015,1662.82899874668,1482.35411467764,829.730076641919,745.654697983637,NA
"94",87.5778433169997,185.048686765813,194.592059309277,250.807033006846,245.583703124937,148.198942642813,374.446004184082,427.537013844072,203.09624314149,116.356944329637,223.990093695451,275.034916352788,185.850061167462,279.449950865916,454.698980057927,396.57706962792,191.428411886844,298.050467752088,487.833177227486,346.199662142266,169.799201688237,206.70559849602,333.303511961928,326.910438401345,211.263538339369,255.456883706693,260.114390652755,220.345375596566,278.842480802945,326.514222662601,NA
"95",99.4127224144543,209.899359518204,221.165839196257,284.837687172169,278.745706918611,176.660027902894,146.402951324204,220.79881700582,437.774032808262,355.316741455359,234.385918196423,266.148756387312,427.103745262117,330.686360805494,403.869190881824,444.051354243765,459.594962812076,361.265920533108,1115.79183251874,1077.83645808142,662.489082484124,486.227994971637,637.344506552275,679.478120344058,523.417868608807,499.061987809781,554.268410772203,507.008164622307,562.861882362719,524.754945818566,NA
"96",95.2757255670699,201.216746570844,211.868834822689,272.937897585265,267.154209927145,264.649399671669,241.570911132014,479.122501475173,453.600865341513,305.238159688596,282.620834544144,525.730000798186,765.299350146886,656.685787084753,398.966587074954,341.586114634692,567.530777663873,536.866781348339,719.603287864135,669.819595724216,1153.10713685956,929.967923145618,546.731432145488,549.667114432872,1428.73570501336,1118.8653314106,736.580637867697,711.425011360085,534.435352259311,648.437490942645,NA
"97",102.551481302889,216.483905109293,228.225214984498,293.869050017831,287.539806010375,227.350185330475,208.443502107402,284.8551660272,638.171284413784,673.373049873337,302.980181791111,281.87346983995,689.24939960206,987.251310135513,581.059988231962,337.878926098904,627.396532298242,1081.97222694998,770.283560357069,362.588479033825,1035.81703568275,1339.64879355254,736.493427144041,617.862166398185,936.360129653135,987.970717616458,602.105691960559,418.823541540304,610.310782433298,1009.14211135528,NA
"98",92.9609099198635,196.356516799747,206.670494376238,266.281393251692,260.668021603142,172.905902375253,303.477104695158,361.165428713275,261.559890979735,168.122153568499,200.246970299212,242.817550162608,270.27740870826,364.371895610649,269.214733898091,338.661262381221,617.750556894236,506.06630875641,365.36015124263,496.246097021184,927.705064103269,966.617937117276,529.924770500847,450.86981435168,722.780930895882,753.365959814614,493.748938822679,447.355138402345,618.352014468106,827.217142460807,NA
"99",99.1344235427035,209.315414467702,220.540155422379,284.037041726145,277.965958277089,223.034985761837,542.413197424218,546.949541782292,326.20132114095,260.596701357747,891.82207992373,981.421134756429,581.050285699594,512.920366758177,638.726765318106,828.683735606363,634.321522067182,399.134603055236,1229.66010693598,1175.00729686003,708.949678913606,526.898229709127,2200.14211043934,1854.74966411975,376.650233805162,292.685631024926,481.075640448863,484.096973857049,848.611495152075,763.311839859151,NA
"100",95.4264283943435,201.533116242859,212.207357512868,273.37130720712,267.57647709856,367.448395959807,315.140679537738,226.839402296614,394.582315072616,507.382550608544,353.133931509482,269.873029321934,1047.1466080102,1023.53238255951,534.201382713713,612.548224238334,742.528434290615,637.423089365182,403.899783003646,878.082212621135,797.057904274241,462.085671308596,421.840874096008,760.123031093398,696.086706340729,387.357190009287,560.906105692811,588.671344202021,386.461913959038,552.375233297095,NA
